volid,dateused,pubdate,birthdate,firstpub,gender,nation,allwords,logistic,realclass,trainflag,trainsize,author,title,genretags
11575,1938,1938,1906,1938,f,nz,99907,0.489916720311,0,1,329,"Hyde, Robin,",The godwits fly,teamred | chirandom
DinesenGothicTales1934,1934,1934,1885,1934,f,da,73222,0.418624965536,1,1,329,"Dinesen, Isak,",Seven Gothic Tales,pbgothic | teamblack | stew
JacksonHillHouse1959,1959,1959,1916,1959,f,us,64563,0.611374414299,1,1,329,"Jackson, Shirley,",The Haunting of Hill House,pbgothic | teamblack | stew
mdp.39015003931113,1799,1832,1756,1799,m,uk,211283,0.456656974379,1,1,328,"Godwin, William,",St. Leon: a tale of the s,teamred | pbgothic
nyp.33433068179559,1918,1918,0,1918,m,,113803,0.693113683909,1,1,324,"French, Joseph Lewis,","Great ghost stories, sele",locghost | teamblack | stew
inu.39000002156706,1903,1903,1862,1903,m,uk,83427,0.585879815531,1,1,329,"Benson, Arthur Christophe",The hill of trouble and o,pbgothic | teamblack
mdp.39015063950102,1794,1806,1764,1794,f,uk,92942,0.697591425039,1,1,323,"Radcliffe, Ann Ward,",The mysteries of Udolpho,teamred | pbgothic
mdp.39015004274992,1846,1882,1804,1846,m,us,103938,0.610823408705,1,1,326,"Hawthorne, Nathaniel,",Mosses from an old manse,teamred | pbgothic
20390,1959,1959,1903,1959,f,us,34807,0.591694213035,0,1,329,"Nin, Anais,",Children of the albatross,teamred | chirandom
21318,1976,1976,0,1976,m,us,117552,0.527484769345,1,1,329,"Farris, John,",The fury,chihorror | teamblack | stew
21423,1977,1977,1946,1977,m,us,76430,0.456150907993,0,1,328,"Foster, Alan Dean,",The end of the matter,chiscifi | teamred | chirandom
uc1.b3578339,1911,1911,1854,1911,m,us,79006,0.655386148007,1,1,329,"Crawford, F. Marion",Wandering ghosts,teamred | pbgothic | stew
uc2.ark+=13960=t5db7zr5v,1879,1879,1839,1879,m,us,53824,0.267765790497,0,1,329,"Adams, Robert Chamblet,","On board the ""Rocket""",random | teamblack
hvd.hw3q0s,1761,1796,1712,1761,m,fr,122934,0.294248422757,0,1,329,"Rousseau, Jean-Jacques,",Eloisa: or A series of or,teamred | random
njp.32101076806486,1898,1898,0,1898,m,,32507,0.611824644703,1,1,329,"Le Braz, Anatole,",Dealings with the dead;,locghost | teamblack
nyp.33433076060874,1865,1865,1801,1865,m,us,209463,0.42351549802,0,1,329,"Murdoch, David.",The Royalist's daughter a,teamred | random
nyp.33433074863782,1848,1859,1824,1848,f,uk,96172,0.454800669314,0,1,329,"Kavanagh, Julia,",Madeleine,random | teamblack
uiuo.ark+=13960=t3jw90j80,1818,1818,1778,1818,f,uk,55572,0.635307386958,1,1,329,"Porter, Anna Maria,",The fast of St. Magdalen,stangothic | teamblack
21845,1981,1981,1940,1981,m,us,104377,0.529307243099,1,1,329,"Harris, Thomas",Red dragon,teamred | pbgothic | chimyst
nyp.33433079897819,1892,1892,1842,1892,m,us,28898,0.586270163784,0,1,326,"Bierce, Ambrose,",The monk and the hangman',random | teamblack
21519,1978,1978,1952,1978,m,us,55533,0.622785365353,1,1,329,"Estleman, Loren D,",Sherlock Holmes vs. Dracu,teamred | chihorror | chimyst
uiuo.ark+=13960=t09w14g77,1818,1818,1775,1818,f,uk,48661,0.29828952648,1,1,325,"Austen, Jane,",Northanger Abbey,lochorror | teamblack
nyp.33433074863691,1832,1832,1799,1832,m,uk,109552,0.490457922202,0,1,327,"James, G. P. R.",Henry Masterton;,teamred | random
10403,1933,1933,1900,1933,m,us,95147,0.495911347214,1,1,329,"Endore, S. Guy,",The werewolf of Paris,chihorror | stew | chifantasy | teamblack
nyp.33433082251855,1919,1919,1857,1919,f,us,97188,0.360979117275,0,1,329,"Atherton, Gertrude Frankl",Transplanted;,teamred | random
uiuo.ark+=13960=t0ns19n7m,1801,1801,1852,1801,m,uk,39617,0.696214901083,1,1,329,"Moore, George,",Grasville Abbey,stangothic | teamblack
nyp.33433074931118,1847,1848,1818,1847,f,uk,141786,0.537623606697,1,1,329,"Brontë, Emily,",Wuthering Heights,teamred | pbgothic | stew
uc1.b3578940,1906,1915,1869,1906,m,uk,76625,0.751766517036,1,1,329,"Blackwood, Algernon,",The empty house,pbgothic | teamblack | stew
nyp.33433074937446,1832,1832,1804,1832,m,uk,59574,0.54042251405,0,1,328,"Disraeli, Benjamin,",Contarini Fleming;,teamred | random
mdp.39015033367668,1791,1791,1729,1791,f,uk,50017,0.225093711541,1,1,328,"Reeve, Clara,",The school for widows,stangothic | teamblack
uiuo.ark+=13960=t3xs6cp6m,1803,1803,1770,1803,f,uk,29561,0.402944703587,1,1,329,"Young, Mary Julia.","Right and wrong; or, The kinsmen of Naples",teamred | stangothic | stew
uc2.ark+=13960=t6154fk9b,1853,1853,1803,1853,m,uk,123445,0.369035306869,0,1,326,"Lytton, Edward Bulwer Lyt","""My novel,""",teamred | random
uiuo.ark+=13960=t8w95tz11,1803,1803,1772,1803,m,uk,55051,0.607820318758,1,1,329,"Walker, George,",Don Raphael,teamred | stangothic
uc1.b3575698,1826,1826,1764,1826,f,uk,16607,0.645729917538,1,1,323,"Radcliffe, Ann Ward,",Gaston de Blondeville,teamred | pbgothic | stew
22708,1987,1987,1947,1987,m,us,113804,0.582514733553,1,1,327,"King, Stephen,",Misery,teamred | pbgothic | chihorror
mdp.39015063967478,1820,1820,1779,1820,m,uk,49039,0.638508421451,0,1,328,"Galt, John,",The earthquake;,random | teamblack
uc2.ark+=13960=t70v8bj6k,1922,1922,0,1922,m,,71982,0.64364996978,1,1,324,"French, Joseph Lewis,",Masterpieces of mystery,locghost | locdetmyst | teamblack
uc2.ark+=13960=t0ms3qz4m,1829,1829,1803,1829,m,uk,75398,0.401246907749,0,1,326,"Lytton, Edward Bulwer Lyt",Devereux,teamred | random
11191,1927,1927,1875,1927,m,uk,110170,0.453229676103,0,1,329,"Buchan, John,",Witch wood,chirandom | chifantasy | teamblack
mdp.39076002657265,1913,1913,0,1913,f,,60339,0.437316264117,1,1,329,"Aldridge, Janet.",The Meadow-Brook girls un,teamred | locghost
22498,1986,1986,1946,1986,m,us,122225,0.458762570153,1,1,328,"Foster, Alan Dean,",Into the out of,chiscifi | teamred | chihorror | stew
22193,1984,1984,1948,1984,m,us,79174,0.535007301388,1,1,329,"Gibson, William",Neuromancer,chiscifi | teamred | pbgothic | stew
uiuo.ark+=13960=t6zw24n6x,1818,1818,1775,1818,f,uk,48941,0.452160141968,1,1,325,"Austen, Jane,",Northanger Abbey,teamred | lochorror
nyp.33433074911532,1788,1788,1749,1788,f,uk,87648,0.460556919398,1,1,328,"Smith, Charlotte,",Emmeline,pbgothic | teamblack | stew
njp.32101067301786,1922,1922,0,1922,m,,21818,0.716346009029,1,1,329,"Munford, George Frederick",Ghosts and legends of Sou,locghost | teamblack | stew
nnc1.0022035958,1888,1888,0,1888,,,74949,0.642119958243,1,1,325,AnonymousGhost,Weird tid-bits,teamred | locghost | stew
mdp.49015001286492,1853,1905,1816,1853,f,uk,234483,0.486248643488,1,1,327,"Brontë, Charlotte,",Villette,pbgothic | teamblack
21501,1978,1978,1945,1978,m,us,43607,0.359913097454,0,1,329,"Brown, Wesley,",Tragic magic,teamred | chirandom
uiuo.ark+=13960=t09w1328x,1813,1813,0,1813,f,uk,45337,0.43400984945,0,1,329,"Parker, Emma.",Aretas,random | teamblack
nyp.33433074911508,1788,1788,1749,1788,f,uk,56902,0.435004863983,1,1,328,"Smith, Charlotte,",Emmeline,teamred | pbgothic | stew
BlochPsycho1959,1959,1959,1917,1959,m,us,46481,0.529844867784,1,1,329,"Bloch, Robert,",Psycho,pbgothic | teamblack
uc1.b3578934,1891,1891,1842,1891,m,us,64696,0.615459783448,1,1,326,"Bierce, Ambrose,",Tales of soldiers and civ,pbgothic | teamblack | stew
mdp.39015026244999,1878,1878,1824,1878,m,uk,74375,0.458646076884,1,1,326,"Collins, Wilkie,",The haunted hotel,teamred | pbgothic | stew
uiuo.ark+=13960=t6xw4rw1j,1803,1803,1780,1803,f,uk,65500,0.708356205709,1,1,325,"Cuthbertson, Catherine.",Romance of the Pyrenees,stangothic | teamblack
mdp.39015030365178,1903,1904,1842,1903,m,fr,5384,0.480994564312,0,1,329,"Lafargue, Paul,",The sale of an appetite,random | teamblack
mdp.39015063759552,1816,1820,1772,1816,f,uk,104379,0.407223895582,0,1,329,"Burney, Sarah Harriet,",Tales of fancy,teamred | random
uc2.ark+=13960=t1sf2p11n,1867,1867,1814,1867,f,ge,237519,0.434089955189,0,1,329,"Mühlbach, L.",Marie Antoinette and her ,random | teamblack
uc1.b3324205,1906,1913,1867,1906,m,uk,132533,0.45553324226,0,1,329,"Cullum, Ridgwell,",The night-riders;,random | teamblack
mdp.39015063994266,1832,1832,1779,1832,m,uk,61916,0.397132821596,0,1,328,"Galt, John,",Stanley Buxton;,teamred | random
dul1.ark+=13960=t3vt2js1t,1786,1786,0,1786,f,uk,96376,0.349920976743,0,1,328,"Bennett, Anna Maria,","Anna; or, Memoirs of a Welch Heiress",teamred | random
nyp.33433074955109,1790,1792,1764,1790,f,uk,41813,0.775448603121,1,1,323,"Radcliffe, Ann Ward,",A Sicilian romance,teamred | pbgothic | stew
uc1.$b522186,1806,1806,1746,1806,f,fr,44787,0.235930109869,0,1,329,"Genlis, Stéphanie Félicité,",Madame de Maintenon,teamred | random
LovecraftCharlesDexter1927,1927,1927,1890,1927,m,us,51246,0.751279841871,1,1,329,"Lovecraft, H. P.",The Case of Charles Dexter Ward,pbgothic | teamblack
uiuo.ark+=13960=t9h41nx14,1786,1816,1760,1786,m,uk,43527,0.650921664471,1,1,329,"Beckford, William,",Vathek,pbgothic | teamblack | stew
StokerDracula1897,1897,1897,1847,1897,m,uk,161696,0.597381743467,1,1,329,"Stoker, Bram,",Dracula,pbgothic | teamblack | stew
21035,1972,1972,1929,1972,m,us,33124,0.379460164284,1,1,328,"Levin, Ira,",The Stepford wives,chiscifi | chihorror | teamblack
uiuo.ark+=13960=t1gh9v49g,1803,1807,1780,1803,f,uk,62256,0.619477152325,1,1,325,"Cuthbertson, Catherine.",Romance of the Pyrenees,stangothic | teamblack | stew
inu.39000005852087,1914,1914,0,1914,m,,47149,0.779221388659,1,1,329,"Seymour, St. John D.",True Irish ghost stories,teamred | locghost
21686,1980,1980,0,1980,f,us,157033,0.404401876511,1,1,328,"Andrews, V. C.  (Virginia",Petals on the wind,teamred | chihorror
mdp.39015021040004,1820,1892,1782,1820,m,uk,89218,0.694779089226,1,1,327,"Maturin, Charles Robert,",Melmoth the wanderer,pbgothic | teamblack | stew
uiuo.ark+=13960=t8pc3d497,1849,1849,1805,1849,m,au,76777,0.377123185322,0,1,329,"Harris, Alexander,",The emigrant family ;,random | teamblack
uc2.ark+=13960=t7hq42c97,1844,1844,1812,1844,m,uk,421755,0.411119590453,0,1,325,"Dickens, Charles,",Martin Chuzzlewit,random | teamblack
mdp.39015021039998,1820,1892,1782,1820,m,uk,99975,0.710954125792,1,1,327,"Maturin, Charles Robert,",Melmoth the wanderer,pbgothic | teamblack
21488,1978,1978,1927,1978,m,us,106156,0.548191229283,0,1,329,"Adler, Warren,",The Casanova embrace,chirandom | teamblack
uc2.ark+=13960=t1td9p949,1777,1778,1729,1777,f,uk,56208,0.358126460768,1,1,328,"Reeve, Clara,",The old English baron,pbgothic | teamblack
nyp.33433075732655,1921,1921,0,1921,,,96584,0.578991388242,1,1,329,AnonymousGhost3,Humorous ghost stories,teamred | locghost | stew
nyp.33433082514302,1920,1920,0,1920,m,,66153,0.68692026415,1,1,324,"French, Joseph Lewis,",The best psychic stories,teamred | locghost | stew
PeakeTitusGroan1946,1946,1946,1911,1946,m,uk,184483,0.706659987433,1,1,329,"Peake, Mervyn,",Titus Groan,pbgothic | teamblack | stew
uc2.ark+=13960=t2h70dm6b,1918,1918,1861,1918,m,uk,52286,0.398786290746,0,1,327,"Hewlett, Maurice,",Gudrid the Fair,teamred | random
20151,1954,1954,1912,1954,m,us,105032,0.461194607108,0,1,329,"Manfred, Frederick Feikem",Lord Grizzly,teamred | chirandom
uiuo.ark+=13960=t5z615j7x,1812,1812,0,1812,f,uk,41448,0.735636055325,1,1,329,"Stanhope, Louisa Sidney.",The confessional of Valombre,teamred | stangothic | stew
nyp.33433051569915,1800,1803,1766,1800,m,ru,33446,0.525335777369,0,1,329,"Karamzin, Nikolaĭ Mikhaĭlovich,",Russian tales,teamred | random
mdp.39015023189999,1800,1801,1756,1800,f,uk,67364,0.364530620747,0,1,329,"Hamilton, Elizabeth,",Memoirs of modern philosophers,teamred | random
dul1.ark+=13960=t0tq6sw6t,1807,1807,0,1807,f,uk,37004,0.38515602694,0,1,328,"Bayfield, E. G.,",A winter in Bath,teamred | random
uiuo.ark+=13960=t2j683k08,1850,1850,1814,1850,m,uk,987307,0.540314823945,1,1,327,"Reynolds, George W. M.",The mysteries of the cour,pbgothic | teamblack
21578,1978,1978,1945,1978,m,us,77267,0.519480845322,1,1,328,"Strieber, Whitley",The wolfen,teamred | pbgothic
10916,1948,1948,1904,1948,m,us,95322,0.189304067132,0,1,329,"Skinner, B. F.",Walden Two,chiutopia | chirandom | teamblack
mdp.39015013429249,1919,1923,1879,1919,m,us,112138,0.381161379139,1,1,329,"Cabell, James Branch,",Jurgen,teamred | pbgothic
22783,1987,1987,1943,1987,f,us,154100,0.521636777394,0,1,329,"Spencer, LaVyrle,",The gamble,teamred | chirandom
nyp.33433082514187,1848,1848,0,1848,m,,159733,0.705644013632,1,1,329,"St. Clair, Henry.","Tales of terror; or, The ",teamred | locghost | stew
21920,1982,1982,0,1982,f,us,138658,0.466759257473,1,1,328,"Andrews, V. C.  (Virginia",My sweet Audrina,chihorror | teamblack | stew
10435,1934,1934,1906,1934,m,us,84301,0.600968236684,0,1,329,"Dickson, Carter,",The Plague court murders,teamred | chirandom | chimyst
21330,1976,1976,1929,1976,m,us,84809,0.300498761453,0,1,329,"Jenkins, Dan,",Limo,teamred | chirandom
uc1.b3575696,1826,1826,1764,1826,f,uk,67089,0.65489259645,1,1,323,"Radcliffe, Ann Ward,",Gaston de Blondeville,pbgothic | teamblack
nyp.33433082170576,1847,1847,1809,1847,m,us,46845,0.404096868899,0,1,328,"Arthur, T. S.",Lovers and husbands,teamred | random
njp.32101067641678,1878,1878,1812,1878,m,ge,72452,0.389672085276,0,1,329,"Auerbach, Berthold,",Landolin,teamred | random
inu.30000011752437,1910,1910,1862,1910,f,us,113531,0.487638167345,1,1,329,"Wharton, Edith,",Tales of men and ghosts,teamred | pbgothic
mdp.39015059372105,1823,1823,1794,1823,m,uk,75245,0.497364337304,0,1,329,"Lockhart, J. G.",Reginald Dalton,random | teamblack
nyp.33433074866413,1898,1908,1865,1898,m,uk,129023,0.329533703396,0,1,327,"Kipling, Rudyard,",The day's work,teamred | random
nyp.33433074878889,1837,1837,1797,1837,m,uk,183975,0.398648513067,0,1,329,"Lover, Samuel,",Rory O'More,random | teamblack
uc1.32106001980371,1905,1911,1878,1905,m,uk,15559,0.506015167662,1,1,329,"Dunsany, Edward John More",The gods of Pegāna,pbgothic | teamblack | stew
20743,1967,1967,1929,1967,m,us,60089,0.436151660787,1,1,328,"Levin, Ira,",Rosemary's baby,chihorror | pbgothic | teamblack | stew
21335,1976,1976,1908,1976,m,us,97613,0.351252808646,0,1,329,"L'Amour, Louis,",To the Far Blue Mountains,chirandom | teamblack
uiuo.ark+=13960=t48p6974b,1868,1868,1813,1868,m,uk,54053,0.465091644234,0,1,329,"Capes, J. M.",The mosaic-worker's daugh,random | teamblack
hvd.hwjtfk,1824,1832,1789,1824,m,us,59469,0.461855317156,0,1,329,"Cooper, James Fenimore,",The pilot;,random | teamblack
mdp.39015062658789,1881,1881,1844,1881,f,us,93231,0.441717502143,0,1,329,"Sidney, Margaret,",Five little Peppers and h,random | teamblack
uc2.ark+=13960=t93776z9n,1922,1922,0,1922,m,,74066,0.659378604499,1,1,324,"French, Joseph Lewis,",Masterpieces of mystery,locghost | locdetmyst | teamblack | stew
21607,1979,1979,1935,1979,m,us,78785,0.466991950401,0,1,329,"Cline, C. Terry,",Cross current,chirandom | teamblack
uc1.31158008377706,1818,1922,1775,1818,f,uk,91101,0.383759454512,1,1,325,"Austen, Jane,",Northanger abbey,pbgothic | teamblack
21494,1978,1978,1939,1978,m,us,117110,0.418425546974,0,1,329,"Bayer, William,",Tangier,chirandom | teamblack
nnc1.1002365251,1841,1841,1800,1841,f,uk,77684,0.488019449332,0,1,329,"Sinclair, Catherine,",Modern flirtations,random | teamblack
uiuo.ark+=13960=t2s475w45,1851,1851,1801,1851,m,uk,84159,0.484077242815,0,1,329,"MacCabe, William Bernard,",Bertha,teamred | random
20480,1962,1962,1920,1962,m,us,63879,0.668596868688,1,1,329,"Bradbury, Ray,",Something wicked this way,chiscifi | chihorror | teamblack
uc2.ark+=13960=t9c53g45j,1922,1922,0,1922,m,,66720,0.515414582299,1,1,324,"French, Joseph Lewis,",Masterpieces of mystery,locghost | locdetmyst | teamblack
4748,1922,1922,1877,1922,m,us,33444,0.403211130131,0,1,329,"Traprock, Walter E.",My northern exposure,chirandom | teamblack
22894,1988,1988,1945,1988,m,us,67320,0.371221954551,0,1,329,"Grissom, Ken,",Drop-off,stew | chirandom | teamblack | chimyst
mdp.39015063556271,1818,1818,1769,1818,f,uk,66774,0.405734215637,0,1,327,"Opie, Amelia Alderson,",New tales,teamred | random
njp.32101067487007,1764,1811,1717,1764,m,uk,54620,0.546838631174,1,1,329,"Walpole, Horace,",The castle of Otranto;,teamred | pbgothic | stew
nyp.33433074954979,1802,1802,0,1802,f,uk,57901,0.36159296567,0,1,329,"Cullen, Margaret.",Home,teamred | random
21631,1979,1979,1947,1979,m,us,151731,0.414460953868,1,1,327,"King, Stephen,",The dead zone,chiscifi | chihorror | teamblack | stew
mdp.39015063941135,1907,1907,1850,1907,f,us,130515,0.443968986268,0,1,329,"Murfree, Mary Noailles,",The windfall;,teamred | random
nnc1.cu01664417,1900,1917,1869,1900,m,us,57029,0.415740451453,0,1,329,"Tarkington, Booth,",Monsieur Beaucaire,random | teamblack
inu.30000060903741,1849,1880,1805,1849,m,uk,285013,0.541811245051,1,1,327,"Ainsworth, William Harris",The Lancashire witches,pbgothic | teamblack
uc2.ark+=13960=t4bn9zk9h,1887,1888,1847,1887,m,us,152738,0.411177167776,0,1,329,"Fawcett, Edgar,",Olivia Delaplaine,teamred | random
21542,1978,1978,1947,1978,m,us,470695,0.466250646819,1,1,327,"King, Stephen,",The stand,teamred | chihorror | stew
nyp.33433074857248,1905,1909,1879,1905,m,uk,83742,0.374640780111,0,1,329,"Gibbon, Perceval,",Salvator,random | teamblack
mdp.39015000541717,1885,1885,1839,1885,m,uk,35288,0.485940691433,0,1,329,"Pater, Walter,",Marius the Epicurean,teamred | random
nyp.33433074955091,1790,1792,1764,1790,f,uk,38119,0.842789792607,1,1,323,"Radcliffe, Ann Ward,",A Sicilian romance,teamred | pbgothic | stew
mdp.39015021250124,1794,1794,0,1794,f,uk,88136,0.384136320738,0,1,328,"Bennett, Anna Maria,","Ellen, Countess of Castle Howel",teamred | random
nyp.33433075768253,1826,1826,1785,1826,m,uk,95423,0.362206626528,0,1,329,"Wilkins, George,",The convert,random | teamblack
nyp.33433074864889,1888,1888,1836,1888,m,uk,116385,0.46402807508,0,1,329,"Goodman, E. J.",Too curious,teamred | supernatural | random
uc2.ark+=13960=t7tm74c51,1904,1904,1870,1904,m,us,73947,0.366531432746,0,1,329,"Orcutt, William Dana,",Robert Cavelier,teamred | random
mdp.39015024230610,1785,1785,1746,1785,f,fr,35170,0.274112800468,0,1,329,"Genlis, Stéphanie Félicité",Tales of the castle;,teamred | random
wu.89069113231,1898,1898,1862,1898,m,us,42080,0.508141691656,1,1,329,"Bangs, John Kendrick,",Ghosts I have met and som,teamred | locghost | stew
njp.32101038161780,1816,1816,1749,1816,f,uk,79624,0.405873536269,0,1,329,"Lewis, Alethea,",Rhoda,random | teamblack
uva.x000459624,1897,1897,1840,1897,m,uk,74230,0.534345996345,0,1,329,"Hardy, Thomas,",The well-beloved;,random | teamblack
nnc1.0040976025,1888,1888,0,1888,,,56396,0.711896553401,1,1,325,AnonymousGhost,Weird tid-bits,locghost | teamblack
uva.x000676502,1899,1899,1846,1899,m,us,82929,0.272883617614,0,1,329,"Thornton, Marcellus Eugen","My ""budie"" and I",teamred | random
nyp.33433022846707,1850,1850,1812,1850,m,us,121578,0.507902225289,0,1,329,"Myers, P. Hamilton",The King of the Hurons,random | teamblack
21104,1959,1973,1909,1959,m,us,51395,0.611509027193,0,1,329,"Himes, Chester B.",The crazy kill,teamred | hardboiled | chirandom | chimyst
21362,1976,1976,1941,1976,f,us,132401,0.734091781865,1,1,329,"Rice, Anne",Interview with the vampir,pbgothic | teamblack
nyp.33433074955331,1777,1777,0,1777,f,uk,35012,0.340838481724,0,1,329,Henrietta.,Letters from Henrietta to,random | teamblack
mdp.39015063949229,1894,1894,1862,1894,m,uk,126135,0.396290703881,0,1,329,"Scott, Hugh Stowell,",With edged tools;,random | teamblack
nnc1.0040976017,1888,1888,0,1888,,,71270,0.658478171035,1,1,325,AnonymousGhost,Weird tid-bits,locghost | teamblack | stew
mdp.39015002313487,1837,1915,1804,1837,m,us,124899,0.699004322815,1,1,326,"Hawthorne, Nathaniel,",Twice-told tales,pbgothic | teamblack
nyp.33433074868807,1838,1838,1799,1838,m,uk,106538,0.514173216107,0,1,327,"James, G. P. R.",The robber,teamred | random
20936,1971,1971,1928,1971,m,us,100348,0.637723589992,1,1,329,"Blatty, William Peter",The exorcist,pbgothic | teamblack
nyp.33433074937438,1832,1832,1804,1832,m,uk,80534,0.509888207456,0,1,328,"Disraeli, Benjamin,",Contarini Fleming;,random | teamblack
njp.32101062743727,1796,1828,1764,1796,f,uk,99406,0.597102754126,1,1,327,"Roche, Regina Maria,",The children of the abbey,pbgothic | teamblack
mdp.39076006220979,1847,1907,1816,1847,f,uk,109901,0.529632229958,1,1,327,"Brontë, Charlotte,",Jane Eyre,teamred | pbgothic | stew
4705,1922,1922,1893,1922,m,us,50524,0.469079261435,0,1,329,"Marquand, John P.",The unspeakable gentleman,teamred | chirandom
21511,1978,1978,1943,1978,m,us,77426,0.622805026988,1,1,329,"Daniels, Les,",The black castle,teamred | chihorror | stew
21900,1981,1981,1945,1981,m,us,98509,0.649239970146,1,1,328,"Strieber, Whitley",The hunger,pbgothic | teamblack | stew
uc1.b250120,1803,1803,0,1803,,,94258,0.361844567641,0,1,329,Anonymous0,Letters of Miss Riversdale,random | teamblack
uc1.b248234,1803,1803,0,1803,,,60332,0.390193324546,0,1,329,Anonymous7,"Barbara Markham; or, The profligate requited;",random | teamblack
njp.32101068601341,1843,1884,1809,1843,m,us,110186,0.699173515815,1,1,329,"Poe, Edgar Allan,",Tales by Edgar Allan Poe,teamred | pbgothic
21043,1972,1972,1943,1972,m,us,118057,0.686123102884,0,1,329,"Millhauser, Steven,",Edwin Mullhouse,teamred | chirandom
mdp.39015030996832,1834,1878,1805,1834,m,uk,197399,0.5759170206,1,1,327,"Ainsworth, William Harris",Rookwood,teamred | stangothic | newgate
mdp.39015039369650,1785,1804,1750,1785,f,uk,61209,0.638616875866,1,1,329,"Lee, Sophia,",The recess;,pbgothic | teamblack | stew
hvd.hn6nee,1780,1798,1711,1780,f,fr,51834,0.375551764046,0,1,329,"Leprince de Beaumont,",Letters of Madame Du Montier,random | teamblack
uc2.ark+=13960=t9f47kt3k,1847,1847,1818,1847,m,uk,60466,0.404354711949,0,1,329,"Froude, James Anthony,",Shadows of the clouds,random | teamblack
uc1.b250128,1864,1864,1814,1864,m,uk,66557,0.478092470615,1,1,326,"Le Fanu, Joseph Sheridan,",Uncle Silas,sensation | pbgothic | teamblack | stew
4698,1922,1922,1880,1922,m,us,113527,0.169988218143,0,1,329,"Kyne, Peter B.",Cappy Ricks retires,teamred | chirandom
22332,1985,1985,1928,1985,m,us,101133,0.460480306785,0,1,329,"Dick, Philip K,",Puttering about in a smal,chirandom | teamblack
dul1.ark+=13960=t6446jc6s,1764,1764,0,1764,,uk,74146,0.371687985434,0,1,329,Anonymous4,The memoirs of Miss D'Arv,random | teamblack
10377,1932,1932,1896,1932,m,us,152503,0.329127722415,0,1,329,"Dos Passos, John,",1919,teamred | chirandom
nyp.33433076060080,1910,1914,1873,1910,m,us,145372,0.259105624484,0,1,329,"Palmer, Frederick,",The big fellow,random | teamblack
nnc1.cu58506756,1791,1795,1764,1791,f,uk,161683,0.653716986725,1,1,323,"Radcliffe, Ann Ward,",The romance of the forest,pbgothic | teamblack | stew
uiuo.ark+=13960=t2b85z60c,1818,1818,1775,1818,f,uk,53945,0.300125405105,1,1,325,"Austen, Jane,",Northanger Abbey,lochorror | teamblack | stew
23200,1989,1989,1952,1989,m,us,197199,0.584949370164,1,1,329,"Somtow, S. P,",Moon dance,chihorror | teamblack | stew
uva.x000885514,1893,1903,1842,1893,m,us,69854,0.611927094934,1,1,326,"Bierce, Ambrose,",Can such things be?,pbgothic | teamblack
uiuo.ark+=13960=t3vt1zh5r,1847,1847,1797,1847,m,uk,38693,0.405286834897,0,1,329,"Cobbold, Richard,",Zenon,teamred | random
uc1.b4101364,1863,1863,1815,1863,m,uk,84241,0.299744950881,0,1,329,"Trollope, Anthony,",Rachel Ray,teamred | random
20481,1962,1962,1914,1962,m,us,59134,0.637174486321,0,1,329,"Burroughs, William S.",The ticket that exploded,chirandom | teamblack
4529,1921,1921,1889,1921,m,us,21138,0.345875672118,0,1,329,"Byrne, Donn,",Messer Marco Polo,chirandom | chifantasy | teamblack
coo.31924014157121,1891,1908,1854,1891,m,uk,90578,0.470578723636,1,1,329,"Wilde, Oscar,",The picture of Dorian Gra,pbgothic | teamblack
hvd.hwkdax,1803,1803,1757,1803,f,uk,73494,0.620649591223,0,1,329,"Lee, Harriet,",Canterbury tales,teamred | random
20152,1954,1954,1926,1954,m,us,48931,0.717831978187,1,1,329,"Matheson, Richard,",I am legend,chiscifi | teamred | pbgothic | chihorror
20750,1967,1967,1895,1967,m,us,65457,0.416441945833,0,1,329,"McNichols, Charles Longstreth,",Crazy weather,teamred | chirandom
ucm.5324200594,1821,1838,1771,1821,m,uk,217473,0.428414524427,0,1,329,"Scott, Walter,",Kenilworth,teamred | random
uiuo.ark+=13960=t9474zg09,1883,1883,1829,1883,m,uk,67641,0.27386710145,0,1,329,"Oliphant, Laurence,",Altiora Peto,teamred | random
uc2.ark+=13960=t3pv6dr2h,1911,1911,1880,1911,m,us,45273,0.369371595285,0,1,329,"Pearson, Edmund Lester,",The librarian at play,random | teamblack
mdp.39015005108595,1921,1921,0,1921,m,,109008,0.707783508492,1,1,329,"Rhys, Ernest,",The haunters & the haunte,teamred | locghost
uc1.b4104961,1888,1899,1865,1888,m,uk,54652,0.41026562506,1,1,327,"Kipling, Rudyard,",The phantom rickshaw,teamred | pbgothic
21579,1978,1978,1943,1978,m,us,80972,0.371579362957,0,1,328,"Swift, Edward,",Splendora,teamred | chirandom
njp.32101068177094,1801,1803,1774,1801,m,uk,47746,0.35922183964,0,1,328,"Du Bois, Edward,",Old Nick;,teamred | random
uiuo.ark+=13960=t95723s7x,1812,1812,0,1812,f,uk,43942,0.239318722967,0,1,329,"Byron, Medora Gordon.",The Englishman,random | teamblack
nyp.33433074897426,1896,1913,1864,1896,m,uk,77723,0.435757140093,0,1,329,"Merrick, Leonard,",This stage of fools,teamred | random
uc1.b248744,1843,1846,1809,1843,f,uk,86784,0.497848970208,0,1,329,"Eastlake, Elizabeth,",Livonian tales,random | teamblack
uc2.ark+=13960=t0xp6w75n,1912,1912,1878,1912,m,us,12097,0.178379745236,0,1,329,"Rose, William Ganson,",Putting Marshville on the,random | teamblack
uva.x000498882,1794,1856,1756,1794,m,uk,157839,0.44644903002,1,1,328,"Godwin, William,",The adventures of Caleb W,teamred | pbgothic | stew
uc2.ark+=13960=t9668pw05,1894,1894,1833,1894,m,fr,27876,0.507396260585,0,1,328,"Theuriet, André,",The Abbé Daniel,random | teamblack
22897,1988,1988,1951,1988,f,us,103451,0.70602957998,1,1,329,"Hambly, Barbara",Those who hunt the night,stew | pbgothic | chifantasy | teamblack
mdp.39015031235545,1920,1920,1861,1920,m,uk,39571,0.361305736607,0,1,327,"Hewlett, Maurice,",The light heart,teamred | random
uc1.b3123600,1913,1913,1872,1913,f,us,59945,0.575813400612,0,1,329,"Abbott, Eleanor Hallowell",The white linen nurse,random | teamblack
njp.32101068177102,1801,1803,1774,1801,m,uk,48817,0.38732502946,0,1,328,"Du Bois, Edward,",Old Nick;,teamred | random
23126,1989,1989,1950,1989,f,us,105085,0.467033104182,1,1,329,"Lackey, Mercedes,",Burning water,chimyst | chihorror | chifantasy | teamblack
uiuo.ark+=13960=t18k7vt5k,1807,1807,0,1807,m,uk,34794,0.685542169303,1,1,329,"Mortimer, Edward,",The friar Hildargo,teamred | stangothic
uc1.b287473,1818,1818,1769,1818,f,uk,65924,0.422180537301,0,1,327,"Opie, Amelia Alderson,",New tales,random | teamblack
njp.32101066479765,1791,1791,1742,1791,m,uk,69886,0.28881097764,0,1,329,"Combe, William,",The devil upon two sticks,random | teamblack
njp.32101007059791,1843,1843,1799,1843,m,uk,69228,0.415372502222,0,1,327,"James, G. P. R.",Forest days;,random | teamblack
inu.30000042783591,1887,1887,0,1887,,,76476,0.662807047867,1,1,329,Anonymous3,Dreamland and ghostland,locghost | teamblack
uiuo.ark+=13960=t1rf6b61z,1820,1820,1769,1820,f,uk,72914,0.473809087362,0,1,327,"Opie, Amelia Alderson,",Tales of the heart,random | teamblack
20737,1967,1967,1923,1967,f,us,59956,0.58228260973,0,1,329,"Fox, Paula,",Poor George,chirandom | teamblack
uc1.32106010644463,1846,1846,1814,1846,m,uk,518086,0.471058617205,1,1,327,"Reynolds, George W. M.",The mysteries of London,teamred | pbgothic | stew
uiuo.ark+=13960=t7br98r5d,1810,1810,0,1810,f,uk,56547,0.505764150008,0,1,329,Anonymous6,"The adulteress ; or, anecdotes of two noble families",random | teamblack
uc1.b3326097,1840,1840,1788,1840,m,uk,198248,0.450629704373,0,1,329,"Hook, Theodore Edward,","Cousin Geoffrey, the old ",teamred | random
4449,1920,1920,1843,1920,m,us,63956,0.420897577986,0,1,328,"James, Henry,",Master Eustace,chirandom | teamblack
10922,1948,1948,1897,1948,m,us,78899,0.310190321226,0,1,329,"Wilder, Thornton,",The ides of March,teamred | chirandom
4611,1921,1921,1880,1921,f,us,62078,0.319008884798,0,1,329,"Sawyer, Ruth,",The silver sixpence,teamred | chirandom
uc2.ark+=13960=t2h70nx9q,1858,1874,1824,1858,m,uk,38415,0.762715716247,1,1,328,"MacDonald, George,",Phantastes,pbgothic | teamblack | stew
nyp.33433074920608,1858,1858,1835,1858,m,uk,51603,0.436294579867,0,1,329,"Austin, Alfred,",Five years of it,teamred | random
mdp.39015005076883,1798,1887,1771,1798,m,us,80996,0.75380992106,1,1,329,"Brown, Charles Brockden,","Wieland; or, The transfor",teamred | pbgothic
11396,1933,1933,1879,1933,f,au,58530,0.473421984162,0,1,329,"Franklin, Miles,",Bring the monkey,teamred | chirandom | chimyst
mdp.39015012876820,1890,1890,0,1890,,,43837,0.645151730698,1,1,328,AnonymousGhost2,Modern ghosts,locghost | teamblack | stew
uiuo.ark+=13960=t6251zn27,1810,1810,1780,1810,f,uk,79148,0.556260131641,1,1,325,"Cuthbertson, Catherine.",Forest of Montalbano,stangothic | teamblack
mdp.39015038723360,1860,1906,1824,1860,m,uk,285690,0.46124369498,1,1,326,"Collins, Wilkie,",The woman in white,teamred | stew | sensation | pbgothic
11061,1938,1938,1907,1938,f,uk,154595,0.542334059024,1,1,329,"Du Maurier, Daphne,",Rebecca,teamred | pbgothic | stew
uc1.b4103074,1904,1904,0,1904,m,uk,173307,0.58602916578,1,1,329,"Baring-Gould, S.",A book of ghosts,teamred | locghost | stew
20866,1970,1970,1926,1970,m,us,59925,0.381824030196,0,1,329,"Anderson, Poul,",Tau zero,chiscifi | chirandom | teamblack
dul1.ark+=13960=t3dz14r97,1807,1807,0,1807,f,uk,44292,0.44955870776,0,1,328,"Bayfield, E. G.,",A winter in Bath,teamred | random
nyp.33433074915970,1809,1809,1745,1809,f,uk,81390,0.207066403697,0,1,329,"More, Hannah,",Cœlebs in search of a wife,teamred | random
mdp.39076002621501,1905,1905,1812,1905,m,uk,35893,0.56357432983,1,1,325,"Dickens, Charles,",A Christmas carol in pros,teamred | locghost
uc1.b250129,1864,1864,1814,1864,m,uk,67608,0.589265393003,1,1,326,"Le Fanu, Joseph Sheridan,",Uncle Silas,teamred | stew | sensation | pbgothic
nnc1.0113307762,1888,1888,0,1888,,,80764,0.691777427892,1,1,325,AnonymousGhost,Weird tid-bits,teamred | locghost
mdp.39015051156498,1826,1826,1798,1826,m,uk,90728,0.494260394344,0,1,329,"Banim, John,",Tales,teamred | random
nyp.33433074874300,1796,1796,1775,1796,m,uk,47421,0.537288147008,1,1,328,"Lewis, M. G.",The monk,pbgothic | teamblack
mdp.39015066083661,1890,1890,0,1890,,,42842,0.646111181765,1,1,328,AnonymousGhost2,Modern ghosts;,locghost | teamblack
uc1.b3324403,1860,1860,1827,1860,m,uk,85169,0.404502809581,0,1,329,"Lawrence, George A.",Sword and gown,teamred | random
uc2.ark+=13960=t4wh2p202,1834,1834,0,1834,m,us,78338,0.373612783605,0,1,328,"White, James,",Some passages in the life of Sir Frizzle Pumpkin,random | teamblack
nyp.33433074951611,1803,1803,1780,1803,f,uk,65999,0.706221573188,1,1,325,"Cuthbertson, Catherine.",Romance of the Pyrenees,stangothic | teamblack
nyp.33433074870282,1907,1907,1861,1907,m,uk,108516,0.351739440475,0,1,327,"Hewlett, Maurice,",The stooping lady,teamred | random
uiuo.ark+=13960=t7pn9mm7s,1858,1858,1807,1858,f,uk,45621,0.373483450468,0,1,329,"Manning, Anne,",The ladies of Bever Hollo,random | teamblack
23059,1989,1989,1940,1989,m,us,92668,0.485512454115,1,1,329,"Cook, Robin,",Mutation,chiscifi | teamred | chihorror | stew
uc2.ark+=13960=t48p64044,1894,1894,1832,1894,m,uk,140615,0.342649017078,0,1,329,"Henty, G. A.",When London burned,random | teamblack
23231,1989,1989,1954,1989,m,us,64330,0.288109002267,0,1,329,"Weinstein, Howard,",Power hungry,chiscifi | chirandom | teamblack | stew
uva.x030743237,1880,1880,1838,1880,m,us,51875,0.411381564178,0,1,329,"Scudder, Horace Elisha,",Doings of the Bodley fami,random | teamblack
uc1.b254212,1821,1821,0,1821,f,uk,56418,0.528960438457,0,1,329,"Varty-Smith, Augusta A.",Matthew Tindale,teamred | random
nyp.33433074911771,1799,1799,1758,1799,f,uk,61242,0.648394889382,0,1,329,"Robinson, Mary Darby,",The false friend,teamred | random
uc2.ark+=13960=t9862rx2r,1858,1874,1824,1858,m,uk,35671,0.737824432089,1,1,328,"MacDonald, George,",Phantastes,pbgothic | teamblack
uc1.b3290572,1827,1827,1765,1827,m,uk,76939,0.313704181456,0,1,329,"Ward, R. Plumer",De Vere,random | teamblack
uc2.ark+=13960=t1dj5cf2j,1886,1920,1853,1886,m,fr,60294,0.46563931778,0,1,329,"Lemaître, Jules,",Serenus and other stories,teamred | random
inu.30000007708815,1868,1868,1824,1868,m,uk,232311,0.426609674083,1,1,326,"Collins, Wilkie,",The moonstone,teamred | pbgothic | det100
nnc1.0037104152,1795,1798,1732,1795,m,uk,76058,0.363489873358,0,1,329,"Cumberland, Richard,",Henry,teamred | random
uc1.b316144,1832,1832,1796,1832,m,ge,75165,0.440464984164,0,1,329,"Spindler, Carl,",The Jew,random | teamblack
21967,1982,1982,1911,1982,m,us,390854,0.418508386541,0,1,329,"Hubbard, L. Ron,",Battlefield earth,chiscifi | teamred | chirandom
uc2.ark+=13960=t1bk18j97,1914,1914,1871,1914,m,uk,17649,0.387377483453,0,1,329,"Bell, J. J.",The misadventures of Jose,random | teamblack
inu.30000007695723,1872,1886,1814,1872,m,uk,135386,0.633853902052,1,1,326,"Le Fanu, Joseph Sheridan,",In a glass darkly,pbgothic | teamblack | stew
uc2.ark+=13960=t1mg7hw3f,1833,1880,1803,1833,m,uk,140001,0.42588325198,1,1,326,"Lytton, Edward Bulwer Lyt",Godolphin,pbgothic | teamblack
mdp.39015021039980,1821,1892,1782,1821,m,uk,95790,0.701826110152,1,1,327,"Maturin, Charles Robert,",Melmoth the wanderer,teamred | pbgothic | stew
uiuo.ark+=13960=t00z7jj1c,1823,1823,1788,1823,m,uk,43736,0.616004620047,1,1,329,"Gaspey, Thomas,","Other times; or, the monks of Leadenhall",stangothic | teamblack
20772,1968,1968,1936,1968,m,us,45133,0.641179325257,1,1,329,"Chappell, Fred,",Dagon,teamred | chihorror
nyp.33433067303937,1807,1807,1763,1807,f,uk,140104,0.50268470674,1,1,327,"Roche, Regina Maria,","The discarded son; or, Haunt of the banditti",teamred | stangothic
njp.32101037977574,1807,1807,1771,1807,f,uk,71436,0.621234676506,1,1,329,"Dacre, Charlotte,",The libertine;,pbgothic | teamblack
20791,1968,1968,1938,1968,f,us,87875,0.450198276656,1,1,329,"Oates, Joyce Carol,",Expensive people,teamred | pbgothic | chihorror
22685,1987,1987,0,1987,m,us,245016,0.406877142839,0,1,329,"Guild, Nicholas,",The Assyrian,chirandom | teamblack
22787,1987,1987,1943,1987,m,us,70972,0.416745407405,0,1,328,"Swift, Edward,",A place with promise,teamred | chirandom
4485,1920,1920,1871,1920,m,us,73535,0.309719976542,0,1,329,"Raine, William MacLeod,",Oh: you Tex!,teamred | chirandom
nyp.33433075737753,1890,1891,1848,1890,m,ah,67598,0.427135821716,0,1,329,"Franzos, Karl Emil,",Judith Trachtenberg,teamred | random
nyp.33433074874748,1796,1796,1775,1796,m,uk,63096,0.766960479596,1,1,328,"Lewis, M. G.",The monk,pbgothic | teamblack | stew
uva.x000960744,1820,1873,1783,1820,m,us,41943,0.561216074233,1,1,328,"Irving, Washington,",The sketch-book of Geoffr,pbgothic | teamblack
21851,1981,1981,1934,1981,m,us,63052,0.4087921681,0,1,329,"Jones, Robert F.",Slade's glacier,teamred | chirandom
uc2.ark+=13960=t6251m863,1871,1871,1838,1871,m,uk,80104,0.445725944631,0,1,328,"Farjeon, B. L.",Joshua Marvel,random | teamblack
umn.31951002081141q,1826,1826,0,1826,,uk,425660,0.639620242196,1,1,329,Anonymous2,Legends of terror!,teamred | locghost | stew
nyp.33433076072051,1922,1922,1888,1922,m,us,68969,0.429625501778,0,1,329,"Jewell, Edward Alden,",The moth decides,random | teamblack
4690,1922,1922,1857,1922,m,us,78462,0.243631031272,0,1,329,"Hough, Emerson,",The young Alaskans on the,teamred | chirandom
mdp.39015000551799,1838,1867,1812,1838,m,uk,206620,0.536233867109,1,1,325,"Dickens, Charles,",Oliver Twist,teamred | pbgothic | stew
mdp.39015063931474,1794,1794,1740,1794,f,uk,48572,0.326132876328,0,1,329,"Gunning,",Memoirs of Mary,random | teamblack
uc1.b3325448,1890,1906,1856,1890,f,uk,56558,0.61798406926,1,1,329,"Lee, Vernon,",Hauntings,teamred | pbgothic | stew
21734,1980,1980,1927,1980,m,us,97176,0.275195959817,0,1,329,"Herzog, Arthur,",Aries rising,teamred | chirandom
20794,1968,1968,1927,1968,f,us,66342,0.570818122616,0,1,329,"Peters, Elizabeth,",The jackal's head,chirandom | teamblack
nyp.33433081585105,1832,1840,1783,1832,m,us,160205,0.528985233937,1,1,328,"Irving, Washington,",Tales of the Alhambra,pbgothic | teamblack
uc1.b249543,1898,1898,1831,1898,f,uk,83269,0.420723922696,0,1,329,"Barr, Amelia Edith Huddle",The lost silver of Briffa,random | teamblack
uc2.ark+=13960=t2r49vz0v,1851,1883,1804,1851,m,us,128129,0.537207076375,1,1,326,"Hawthorne, Nathaniel,",The house of the seven ga,pbgothic | teamblack
nyp.33433074937610,1827,1830,1803,1827,m,uk,41813,0.581777073683,1,1,326,"Lytton, Edward Bulwer Lyt",Falkland,pbgothic | teamblack | stew
uiuo.ark+=13960=t1ng5958h,1823,1823,0,1823,f,uk,36208,0.48962253253,1,1,329,"Sullivan, Mary Ann.","Owen Castle, or, Which is the heroine?",teamred | stangothic
uva.x000237148,1865,1881,1812,1865,m,uk,402047,0.397329139111,1,1,325,"Dickens, Charles,",Our mutual friend,pbgothic | teamblack
uc1.b250127,1864,1864,1814,1864,m,uk,66648,0.5471062168,1,1,326,"Le Fanu, Joseph Sheridan,",Uncle Silas,teamred | stew | sensation | pbgothic
uc2.ark+=13960=t1pg1k81k,1919,1919,1862,1919,m,uk,35290,0.543946758115,1,1,329,"James, M. R.",A thin ghost and others,teamred | pbgothic
21905,1981,1981,1947,1981,m,us,51220,0.286512028405,0,1,329,"Vardeman, Robert E,",The Klingon gambit,chiscifi | teamred | chirandom | stew
njp.32101067634046,1833,1833,1793,1833,m,us,69300,0.407000043135,0,1,329,"Hall, James,",The soldier's bride and o,teamred | random
nnc1.0111708131,1888,1888,0,1888,,,76488,0.744029056594,1,1,325,AnonymousGhost,Weird tid-bits,locghost | teamblack | stew
uiuo.ark+=13960=t4km00443,1818,1818,1775,1818,f,uk,45337,0.291802582104,1,1,325,"Austen, Jane,",Northanger Abbey,teamred | lochorror | stew
uiuo.ark+=13960=t9f481w8n,1809,1809,0,1809,f,uk,71596,0.649845741456,1,1,328,"Frances, Sophia L.","Angelo Guicciardini, or, The bandit of the Alps",teamred | stangothic
10923,1948,1948,1908,1948,m,us,91373,0.750514653113,1,1,329,"Williamson, Jack,",Darker than you think,chiscifi | chihorror | chifantasy | teamblack
nyp.33433074945779,1866,1873,1824,1866,m,uk,354875,0.45772388773,1,1,326,"Collins, Wilkie,",Armadale,teamred | stew | sensation | pbgothic
nyp.33433074918784,1790,1790,0,1790,m,uk,24712,0.421114536256,0,1,328,"White, James,",The adventures of John of,random | teamblack
coo.31924013476498,1885,1912,1856,1885,m,uk,65778,0.498376197811,1,1,329,"Haggard, H. Rider",King Solomon's mines,teamred | pbgothic
uva.x000180089,1850,1889,1804,1850,m,us,101953,0.530943638869,1,1,326,"Hawthorne, Nathaniel,",The scarlet letter,teamred | pbgothic | stew
njp.32101013566920,1892,1898,1842,1892,m,us,77650,0.607061107064,1,1,326,"Bierce, Ambrose,",In the midst of life;,pbgothic | teamblack | stew
JamesTurnOfScrew1898,1898,1898,1843,1898,m,us,42814,0.593680526436,1,1,328,"James, Henry,",The Turn of the Screw,teamred | pbgothic
mdp.39015063559390,1882,1883,1828,1882,f,uk,31226,0.498622413062,1,1,329,"Oliphant,",A little pilgrim in the u,teamred | pbgothic | stew
mdp.39015059642994,1886,1903,1850,1886,m,uk,29852,0.650245654019,1,1,329,"Stevenson, Robert Louis,",Strange case of Dr. Jekyl,teamred | pbgothic | anatscifi | stew
uc2.ark+=13960=t9571nb3d,1866,1866,1819,1866,m,uk,200937,0.3708266026,0,1,329,"Kingsley, Charles,",Hereward,random | teamblack
mdp.39015078572263,1780,1788,1746,1780,m,ge,62920,0.378458592394,0,1,329,"Campe, Joachim Heinrich,",The new Robinson Crusoe;,random | teamblack
mdp.39076006220961,1847,1907,1816,1847,f,uk,118026,0.558043607421,1,1,327,"Brontë, Charlotte,",Jane Eyre,teamred | pbgothic
uiuo.ark+=13960=t2988vx2b,1802,1802,0,1802,m,uk,22437,0.709030677899,1,1,329,"Melville, Theodore.","The white knight, or, The monastery of Morne",stangothic | teamblack
nyp.33433074919402,1840,1858,1805,1840,m,uk,226240,0.566256834319,1,1,327,"Ainsworth, William Harris",The Tower of London,teamred | pbgothic | stew
njp.32101074629542,1790,1790,1747,1790,m,fr,57976,0.408711007194,0,1,329,"Lavallée, Joseph,",The negro equalled by few,random | teamblack
uc2.ark+=13960=t8df6mw4h,1850,1850,1809,1850,m,us,130449,0.541001028988,0,1,328,"Arthur, T. S.",Tales of domestic life,random | teamblack
nyp.33433075843544,1892,1892,1833,1892,m,fr,62230,0.35678561757,0,1,328,"Theuriet, André,",A young man of the period,teamred | random
uiuo.ark+=13960=t8nc69j1b,1803,1803,1780,1803,f,uk,66013,0.70896693366,1,1,325,"Cuthbertson, Catherine.",Romance of the Pyrenees,stangothic | teamblack
mdp.39015006997806,1846,1846,1815,1846,f,uk,88795,0.449903107056,0,1,329,"Sewell, Elizabeth Missing",Gertrude,teamred | random
uc2.ark+=13960=t7np1xq4d,1919,1919,0,1919,m,,48262,0.628579138558,1,1,329,"Pease, Howard,",Border ghost stories,locghost | teamblack | stew
uiuo.ark+=13960=t86h4xr9x,1806,1806,0,1806,f,,40764,0.586063406295,1,1,328,"Frances, Sophia L.","Vivonio, or, The hour of retribution",stangothic | teamblack | stew
23139,1989,1989,1936,1989,m,us,102868,0.372155917448,0,1,329,"McMurtry, Larry,",Some can whistle,chirandom | teamblack
nnc1.1002330709,1794,1794,1748,1794,m,uk,19893,0.524233224226,0,1,329,"Moser, Joseph,",Turkish tales,teamred | random
21470,1977,1977,1942,1977,m,us,105363,0.594900225366,1,1,329,"Saul, John,",Suffer the children,teamred | chihorror
uc2.ark+=13960=t23b5ww6x,1922,1922,0,1922,m,,65363,0.670963062589,1,1,324,"French, Joseph Lewis,",Masterpieces of mystery,locghost | locdetmyst | teamblack
mdp.39015004200997,1818,1891,1797,1818,f,uk,84301,0.662792888952,1,1,329,"Shelley, Mary Wollstonecr",Frankenstein,femscifi | teamred | stangothic | stew
Derleth1948,1948,1948,1909,1948,m,us,7060,0.516545203106,1,1,329,"Derleth, August,",Two stories by Derleth,chiscifi | teamred | pbgothic
njp.32101075374379,1844,1845,1814,1844,m,uk,518644,0.467791897006,1,1,327,"Reynolds, George W. M.",The mysteries of London,teamred | pbgothic | stew
uc1.b4104774,1895,1896,1855,1895,f,uk,196793,0.42784342416,1,1,329,"Corelli, Marie,",The sorrows of Satan;,teamred | pbgothic
mdp.39015004880715,1841,1908,1812,1841,m,uk,316105,0.507954965358,1,1,325,"Dickens, Charles,",The old curiosity shop,pbgothic | teamblack | stew
nyp.33433074866686,1888,1898,1865,1888,m,uk,73851,0.358028756396,1,1,327,"Kipling, Rudyard,",Plain tales from the hill,pbgothic | teamblack | stew
njp.32101051650776,1794,1828,1764,1794,f,uk,115464,0.629492489535,1,1,323,"Radcliffe, Ann Ward,",The mysteries of Udolpho,pbgothic | teamblack | stew
uc2.ark+=13960=t5t728t8q,1796,1796,1752,1796,f,uk,88922,0.38119703313,0,1,329,"Burney, Fanny,","Camilla: or, A picture of",random | teamblack
ien.35556027278860,1912,1912,0,1912,m,,69599,0.676869869047,1,1,329,"Gowans, Adam L.",Famous ghost-stories by E,locghost | teamblack
22741,1987,1987,1931,1987,f,us,98542,0.426529044642,1,1,329,"Morrison, Toni",Beloved,pbgothic | teamblack
uc2.ark+=13960=t82j6cs08,1807,1807,1755,1807,f,uk,27212,0.42524958345,0,1,329,"Grant, Anne MacVicar,",Letters from the mountain,random | teamblack
23075,1989,1989,0,1989,f,us,85176,0.505429625696,0,1,329,"Dunlap, Susan,",Pious deception,teamred | stew | chirandom | chimyst
njp.32101013133523,1813,1813,1763,1813,f,uk,47794,0.466639123696,1,1,327,"Roche, Regina Maria,",The monastery of St. Columb;,teamred | stangothic
uc2.ark+=13960=t0js9hc64,1887,1887,1883,1887,f,us,90502,0.400134704506,0,1,329,"Clarke, Rebecca Sophia,",Drones' honey,random | teamblack
dul1.ark+=13960=t6834qb4k,1788,1788,1763,1788,m,uk,9979,0.428975040696,0,1,329,"Berkeley, George Monck,",Heloise: or The siege of ,teamred | random
nyp.33433075761720,1888,1888,1838,1888,m,uk,58823,0.507106662248,0,1,328,"Farjeon, B. L.",Miser Farebrother,random | teamblack
nyp.33433068179716,1906,1906,0,1906,f,,39521,0.675667495959,1,1,329,"Buckingham, Emma May.",Modern ghost stories,teamred | locghost | stew
uva.x000674483,1888,1888,1851,1888,f,uk,97711,0.477531840972,0,1,329,"Ward, Humphry,",Robert Elsmere,random | teamblack
11809,1946,1946,1905,1946,m,uk,118397,0.339837659121,0,1,329,"Koestler, Arthur,",Thieves in the night,chirandom | teamblack
10380,1932,1932,1897,1932,m,us,152041,0.520007308263,1,1,329,"Faulkner, William",Light in August,pbgothic | teamblack
uiuo.ark+=13960=t42r4bj1d,1867,1867,1830,1867,m,uk,52352,0.397748666004,0,1,329,"Kirkus, William,",Only to be married,random | teamblack
